{"credits": 10000000005279, "volume": 0.20333333333333334, "owned_items": [], "equipped": "lmg", "music_volume": 0.2, "sfx_volume": 0.05333333333333334, "upgrades": {"pistol": {"magazine": 0, "reload": 0}, "lmg": {"magazine": 5, "reload": 8}}}