{"credits": 9999999993702, "volume": 0.20333333333333334, "owned_items": [], "equipped": "pistol", "music_volume": 0.06666666666666667, "sfx_volume": 0.05333333333333334, "upgrades": {"pistol": {"magazine": 5, "reload": 3}}}